-- MySQL Script generated by MySQL Workbench
-- Sat 05 Mar 2022 09:32:26 PM +03
-- Model: New Model    Version: 1.0
-- MySQL Workbench Forward Engineering

SET @OLD_UNIQUE_CHECKS=@@UNIQUE_CHECKS, UNIQUE_CHECKS=0;
SET @OLD_FOREIGN_KEY_CHECKS=@@FOREIGN_KEY_CHECKS, FOREIGN_KEY_CHECKS=0;
SET @OLD_SQL_MODE=@@SQL_MODE, SQL_MODE='ONLY_FULL_GROUP_BY,STRICT_TRANS_TABLES,NO_ZERO_IN_DATE,NO_ZERO_DATE,ERROR_FOR_DIVISION_BY_ZERO,NO_ENGINE_SUBSTITUTION';

-- -----------------------------------------------------
-- Schema online_bookstore_db
-- -----------------------------------------------------

-- -----------------------------------------------------
-- Schema online_bookstore_db
-- -----------------------------------------------------
CREATE SCHEMA IF NOT EXISTS `online_bookstore_db` ;
USE `online_bookstore_db` ;

-- -----------------------------------------------------
-- Table `online_bookstore_db`.`Authors`
-- -----------------------------------------------------
CREATE TABLE IF NOT EXISTS `online_bookstore_db`.`Authors` (
  `ID` INT NOT NULL,
  `AuthorSurname` VARCHAR(100) NOT NULL,
  `AuthorName` VARCHAR(100) NOT NULL,
  `AuthorPatronymic` VARCHAR(100) NOT NULL,
  `AuthorBirthDate` DATE NOT NULL,
  PRIMARY KEY (`ID`))
ENGINE = InnoDB;


-- -----------------------------------------------------
-- Table `online_bookstore_db`.`Genres`
-- -----------------------------------------------------
CREATE TABLE IF NOT EXISTS `online_bookstore_db`.`Genres` (
  `ID` INT NOT NULL,
  `GenreName` VARCHAR(45) NOT NULL,
  PRIMARY KEY (`ID`))
ENGINE = InnoDB;


-- -----------------------------------------------------
-- Table `online_bookstore_db`.`Sellers`
-- -----------------------------------------------------
CREATE TABLE IF NOT EXISTS `online_bookstore_db`.`Sellers` (
  `ID` INT NOT NULL,
  `SellerSurname` VARCHAR(100) NULL,
  `SellerName` VARCHAR(100) NULL,
  `SellerPatronymic` VARCHAR(100) NULL,
  `SellerAddress` VARCHAR(100) NOT NULL,
  `SellerPhoneNumber` VARCHAR(100) NULL,
  PRIMARY KEY (`ID`))
ENGINE = InnoDB;


-- -----------------------------------------------------
-- Table `online_bookstore_db`.`Customers`
-- -----------------------------------------------------
CREATE TABLE IF NOT EXISTS `online_bookstore_db`.`Customers` (
  `ID` INT NOT NULL,
  `CustomerSurname` VARCHAR(100) NULL,
  `CustomerName` VARCHAR(100) NULL,
  `CustomerPatronymic` VARCHAR(100) NULL,
  PRIMARY KEY (`ID`))
ENGINE = InnoDB;


-- -----------------------------------------------------
-- Table `online_bookstore_db`.`Orders`
-- -----------------------------------------------------
CREATE TABLE IF NOT EXISTS `online_bookstore_db`.`Orders` (
  `ID` INT NOT NULL,
  `OrderInvoiceNumber` VARCHAR(4) NOT NULL,
  `OrderPurchaseDate` DATE NOT NULL,
  `Sellers_ID` INT NOT NULL,
  `Customers_ID` INT NOT NULL,
  PRIMARY KEY (`ID`),
  INDEX `fk_Orders_Sellers1_idx` (`Sellers_ID` ASC) VISIBLE,
  INDEX `fk_Orders_Customers1_idx` (`Customers_ID` ASC) VISIBLE,
  CONSTRAINT `fk_Orders_Sellers1`
    FOREIGN KEY (`Sellers_ID`)
    REFERENCES `online_bookstore_db`.`Sellers` (`ID`)
    ON DELETE NO ACTION
    ON UPDATE NO ACTION,
  CONSTRAINT `fk_Orders_Customers1`
    FOREIGN KEY (`Customers_ID`)
    REFERENCES `online_bookstore_db`.`Customers` (`ID`)
    ON DELETE NO ACTION
    ON UPDATE NO ACTION)
ENGINE = InnoDB;


-- -----------------------------------------------------
-- Table `online_bookstore_db`.`Publishers`
-- -----------------------------------------------------
CREATE TABLE IF NOT EXISTS `online_bookstore_db`.`Publishers` (
  `ID` INT NOT NULL,
  `PublisherName` VARCHAR(100) NOT NULL,
  PRIMARY KEY (`ID`))
ENGINE = InnoDB;


-- -----------------------------------------------------
-- Table `online_bookstore_db`.`Series`
-- -----------------------------------------------------
CREATE TABLE IF NOT EXISTS `online_bookstore_db`.`Series` (
  `ID` INT NOT NULL,
  `SeriesName` VARCHAR(100) NOT NULL,
  PRIMARY KEY (`ID`))
ENGINE = InnoDB;


-- -----------------------------------------------------
-- Table `online_bookstore_db`.`Books`
-- -----------------------------------------------------
CREATE TABLE IF NOT EXISTS `online_bookstore_db`.`Books` (
  `ID` INT NOT NULL,
  `BookName` VARCHAR(100) NOT NULL,
  `BookPublishingYear` VARCHAR(45) NOT NULL,
  `BookCost` FLOAT NULL,
  `Authors_ID` INT NOT NULL,
  `Genres_ID` INT NOT NULL,
  `Publishers_ID` INT NOT NULL,
  `Series_ID` INT NOT NULL,
  PRIMARY KEY (`ID`),
  INDEX `fk_Books_Authors_idx` (`Authors_ID` ASC) VISIBLE,
  INDEX `fk_Books_Genres1_idx` (`Genres_ID` ASC) VISIBLE,
  INDEX `fk_Books_Publishers1_idx` (`Publishers_ID` ASC) VISIBLE,
  INDEX `fk_Books_Series1_idx` (`Series_ID` ASC) VISIBLE,
  CONSTRAINT `fk_Books_Authors`
    FOREIGN KEY (`Authors_ID`)
    REFERENCES `online_bookstore_db`.`Authors` (`ID`)
    ON DELETE NO ACTION
    ON UPDATE NO ACTION,
  CONSTRAINT `fk_Books_Genres1`
    FOREIGN KEY (`Genres_ID`)
    REFERENCES `online_bookstore_db`.`Genres` (`ID`)
    ON DELETE NO ACTION
    ON UPDATE NO ACTION,
  CONSTRAINT `fk_Books_Publishers1`
    FOREIGN KEY (`Publishers_ID`)
    REFERENCES `online_bookstore_db`.`Publishers` (`ID`)
    ON DELETE NO ACTION
    ON UPDATE NO ACTION,
  CONSTRAINT `fk_Books_Series1`
    FOREIGN KEY (`Series_ID`)
    REFERENCES `online_bookstore_db`.`Series` (`ID`)
    ON DELETE NO ACTION
    ON UPDATE NO ACTION)
ENGINE = InnoDB;


-- -----------------------------------------------------
-- Table `online_bookstore_db`.`OrderInformation`
-- -----------------------------------------------------
CREATE TABLE IF NOT EXISTS `online_bookstore_db`.`OrderInformation` (
  `ID` INT NOT NULL,
  `Orders_ID` INT NOT NULL,
  `Books_ID` INT NOT NULL,
  `BooksCount` VARCHAR(45) NULL,
  PRIMARY KEY (`ID`),
  INDEX `fk_OrderInformation_Orders1_idx` (`Orders_ID` ASC) VISIBLE,
  INDEX `fk_OrderInformation_Books1_idx` (`Books_ID` ASC) VISIBLE,
  CONSTRAINT `fk_OrderInformation_Orders1`
    FOREIGN KEY (`Orders_ID`)
    REFERENCES `online_bookstore_db`.`Orders` (`ID`)
    ON DELETE NO ACTION
    ON UPDATE NO ACTION,
  CONSTRAINT `fk_OrderInformation_Books1`
    FOREIGN KEY (`Books_ID`)
    REFERENCES `online_bookstore_db`.`Books` (`ID`)
    ON DELETE NO ACTION
    ON UPDATE NO ACTION)
ENGINE = InnoDB;


SET SQL_MODE=@OLD_SQL_MODE;
SET FOREIGN_KEY_CHECKS=@OLD_FOREIGN_KEY_CHECKS;
SET UNIQUE_CHECKS=@OLD_UNIQUE_CHECKS;

-- -----------------------------------------------------
-- Data for table `online_bookstore_db`.`Authors`
-- -----------------------------------------------------
START TRANSACTION;
USE `online_bookstore_db`;
INSERT INTO `online_bookstore_db`.`Authors` (`ID`, `AuthorSurname`, `AuthorName`, `AuthorPatronymic`, `AuthorBirthDate`) VALUES (0, 'Duma', 'Aleksander', '', '1802-06-24');
INSERT INTO `online_bookstore_db`.`Authors` (`ID`, `AuthorSurname`, `AuthorName`, `AuthorPatronymic`, `AuthorBirthDate`) VALUES (1, 'Pushkin ', 'Aleksander', 'Bulychev ', '1799-06-06');
INSERT INTO `online_bookstore_db`.`Authors` (`ID`, `AuthorSurname`, `AuthorName`, `AuthorPatronymic`, `AuthorBirthDate`) VALUES (2, 'Bulychev ', 'Kir', '', '1934-10-18');
INSERT INTO `online_bookstore_db`.`Authors` (`ID`, `AuthorSurname`, `AuthorName`, `AuthorPatronymic`, `AuthorBirthDate`) VALUES (3, 'Miller ', 'Agatha Mary', 'Clarissa ', '1890-09-28');
INSERT INTO `online_bookstore_db`.`Authors` (`ID`, `AuthorSurname`, `AuthorName`, `AuthorPatronymic`, `AuthorBirthDate`) VALUES (4, 'Doyle ', 'Artur', 'Ignatius Conan', '1859-05-22');
INSERT INTO `online_bookstore_db`.`Authors` (`ID`, `AuthorSurname`, `AuthorName`, `AuthorPatronymic`, `AuthorBirthDate`) VALUES (5, 'Verne', 'Jules', '', '1828-02-08');
INSERT INTO `online_bookstore_db`.`Authors` (`ID`, `AuthorSurname`, `AuthorName`, `AuthorPatronymic`, `AuthorBirthDate`) VALUES (6, 'Tolstoy ', 'Lev', 'Nikolaevich ', '1828-08-28');
INSERT INTO `online_bookstore_db`.`Authors` (`ID`, `AuthorSurname`, `AuthorName`, `AuthorPatronymic`, `AuthorBirthDate`) VALUES (7, 'Akhmatova', 'Anna', 'Andreevna ', '1889-06-11');
INSERT INTO `online_bookstore_db`.`Authors` (`ID`, `AuthorSurname`, `AuthorName`, `AuthorPatronymic`, `AuthorBirthDate`) VALUES (8, 'Yesenin ', 'Sergei', 'Alexandrovich ', '1895-10-03');
INSERT INTO `online_bookstore_db`.`Authors` (`ID`, `AuthorSurname`, `AuthorName`, `AuthorPatronymic`, `AuthorBirthDate`) VALUES (9, 'Carnegie ', 'Dale', 'Breckenridge ', '1888-11-24');
INSERT INTO `online_bookstore_db`.`Authors` (`ID`, `AuthorSurname`, `AuthorName`, `AuthorPatronymic`, `AuthorBirthDate`) VALUES (10, 'Tolstoy ', 'Alexey', 'Nikolayevich ', '1883-01-10');

COMMIT;


-- -----------------------------------------------------
-- Data for table `online_bookstore_db`.`Genres`
-- -----------------------------------------------------
START TRANSACTION;
USE `online_bookstore_db`;
INSERT INTO `online_bookstore_db`.`Genres` (`ID`, `GenreName`) VALUES (0, 'Science Fiction and Fantasy ');
INSERT INTO `online_bookstore_db`.`Genres` (`ID`, `GenreName`) VALUES (1, 'Detective');
INSERT INTO `online_bookstore_db`.`Genres` (`ID`, `GenreName`) VALUES (2, 'Adventure');
INSERT INTO `online_bookstore_db`.`Genres` (`ID`, `GenreName`) VALUES (3, 'Novel');
INSERT INTO `online_bookstore_db`.`Genres` (`ID`, `GenreName`) VALUES (4, 'Stories');
INSERT INTO `online_bookstore_db`.`Genres` (`ID`, `GenreName`) VALUES (5, 'Poetry ');
INSERT INTO `online_bookstore_db`.`Genres` (`ID`, `GenreName`) VALUES (6, 'Children\'s literature');
INSERT INTO `online_bookstore_db`.`Genres` (`ID`, `GenreName`) VALUES (7, 'Non-fiction ');
INSERT INTO `online_bookstore_db`.`Genres` (`ID`, `GenreName`) VALUES (8, 'Poems');

COMMIT;


-- -----------------------------------------------------
-- Data for table `online_bookstore_db`.`Sellers`
-- -----------------------------------------------------
START TRANSACTION;
USE `online_bookstore_db`;
INSERT INTO `online_bookstore_db`.`Sellers` (`ID`, `SellerSurname`, `SellerName`, `SellerPatronymic`, `SellerAddress`, `SellerPhoneNumber`) VALUES (0, 'Ibragimov', 'Farkhojon', 'Naimdzhonovich', 'Lesnaya street 5', '123-23-32');
INSERT INTO `online_bookstore_db`.`Sellers` (`ID`, `SellerSurname`, `SellerName`, `SellerPatronymic`, `SellerAddress`, `SellerPhoneNumber`) VALUES (1, 'Kazitskaya', 'Alesya', 'Alexandrovna', 'Sadovaya street 21', '147-74-41');
INSERT INTO `online_bookstore_db`.`Sellers` (`ID`, `SellerSurname`, `SellerName`, `SellerPatronymic`, `SellerAddress`, `SellerPhoneNumber`) VALUES (2, 'Kakorina', 'Ekaterina', 'Sergeevna', 'Parkova street 3', '456-65-45');
INSERT INTO `online_bookstore_db`.`Sellers` (`ID`, `SellerSurname`, `SellerName`, `SellerPatronymic`, `SellerAddress`, `SellerPhoneNumber`) VALUES (3, 'Kwon', 'Konstantin', 'Ranovich', 'Sosnovaya street 1', '963-63-96');
INSERT INTO `online_bookstore_db`.`Sellers` (`ID`, `SellerSurname`, `SellerName`, `SellerPatronymic`, `SellerAddress`, `SellerPhoneNumber`) VALUES (4, 'Korsukov', 'Elena', 'Alexandrovna', 'Birch alley 12', '458-87-47');
INSERT INTO `online_bookstore_db`.`Sellers` (`ID`, `SellerSurname`, `SellerName`, `SellerPatronymic`, `SellerAddress`, `SellerPhoneNumber`) VALUES (5, 'Kospanova', 'Irina', 'Timurovna ', 'Dubki street 4', '321-54-89');

COMMIT;


-- -----------------------------------------------------
-- Data for table `online_bookstore_db`.`Customers`
-- -----------------------------------------------------
START TRANSACTION;
USE `online_bookstore_db`;
INSERT INTO `online_bookstore_db`.`Customers` (`ID`, `CustomerSurname`, `CustomerName`, `CustomerPatronymic`) VALUES (0, 'Yolosov', 'Nicholas', 'Yurievich');
INSERT INTO `online_bookstore_db`.`Customers` (`ID`, `CustomerSurname`, `CustomerName`, `CustomerPatronymic`) VALUES (1, 'Bazarov', 'Stanislav', 'Konstantinovich');
INSERT INTO `online_bookstore_db`.`Customers` (`ID`, `CustomerSurname`, `CustomerName`, `CustomerPatronymic`) VALUES (2, 'Gribenyuk', 'Maria', 'Igorevna');
INSERT INTO `online_bookstore_db`.`Customers` (`ID`, `CustomerSurname`, `CustomerName`, `CustomerPatronymic`) VALUES (3, 'Denisov', 'Alexander', 'Olegovych');
INSERT INTO `online_bookstore_db`.`Customers` (`ID`, `CustomerSurname`, `CustomerName`, `CustomerPatronymic`) VALUES (4, 'Zaitsev', 'Alexander', 'Valerievich ');

COMMIT;


-- -----------------------------------------------------
-- Data for table `online_bookstore_db`.`Orders`
-- -----------------------------------------------------
START TRANSACTION;
USE `online_bookstore_db`;
INSERT INTO `online_bookstore_db`.`Orders` (`ID`, `OrderInvoiceNumber`, `OrderPurchaseDate`, `Sellers_ID`, `Customers_ID`) VALUES (0, '1A-1', '2013-05-13', 0, 0);
INSERT INTO `online_bookstore_db`.`Orders` (`ID`, `OrderInvoiceNumber`, `OrderPurchaseDate`, `Sellers_ID`, `Customers_ID`) VALUES (1, '2B-2', '2013-05-13', 0, 1);
INSERT INTO `online_bookstore_db`.`Orders` (`ID`, `OrderInvoiceNumber`, `OrderPurchaseDate`, `Sellers_ID`, `Customers_ID`) VALUES (2, '3C-3', '2013-05-13', 1, 2);
INSERT INTO `online_bookstore_db`.`Orders` (`ID`, `OrderInvoiceNumber`, `OrderPurchaseDate`, `Sellers_ID`, `Customers_ID`) VALUES (3, '4D-4', '2013-05-13', 2, 2);
INSERT INTO `online_bookstore_db`.`Orders` (`ID`, `OrderInvoiceNumber`, `OrderPurchaseDate`, `Sellers_ID`, `Customers_ID`) VALUES (4, '5E-5', '2013-05-13', 3, 3);
INSERT INTO `online_bookstore_db`.`Orders` (`ID`, `OrderInvoiceNumber`, `OrderPurchaseDate`, `Sellers_ID`, `Customers_ID`) VALUES (5, '6A-6', '2013-05-13', 4, 4);
INSERT INTO `online_bookstore_db`.`Orders` (`ID`, `OrderInvoiceNumber`, `OrderPurchaseDate`, `Sellers_ID`, `Customers_ID`) VALUES (6, '7B-7', '2013-05-14', 5, 0);
INSERT INTO `online_bookstore_db`.`Orders` (`ID`, `OrderInvoiceNumber`, `OrderPurchaseDate`, `Sellers_ID`, `Customers_ID`) VALUES (7, '8C-8', '2013-05-14', 0, 1);
INSERT INTO `online_bookstore_db`.`Orders` (`ID`, `OrderInvoiceNumber`, `OrderPurchaseDate`, `Sellers_ID`, `Customers_ID`) VALUES (8, '9D-9', '2013-05-14', 1, 0);

COMMIT;


-- -----------------------------------------------------
-- Data for table `online_bookstore_db`.`Publishers`
-- -----------------------------------------------------
START TRANSACTION;
USE `online_bookstore_db`;
INSERT INTO `online_bookstore_db`.`Publishers` (`ID`, `PublisherName`) VALUES (0, 'Alpha-book ');
INSERT INTO `online_bookstore_db`.`Publishers` (`ID`, `PublisherName`) VALUES (1, 'ABC-classic');
INSERT INTO `online_bookstore_db`.`Publishers` (`ID`, `PublisherName`) VALUES (2, 'The science. Leningrad branch ');
INSERT INTO `online_bookstore_db`.`Publishers` (`ID`, `PublisherName`) VALUES (3, 'ARS ');
INSERT INTO `online_bookstore_db`.`Publishers` (`ID`, `PublisherName`) VALUES (4, 'Exmo');
INSERT INTO `online_bookstore_db`.`Publishers` (`ID`, `PublisherName`) VALUES (5, 'Centerpolygraph ');
INSERT INTO `online_bookstore_db`.`Publishers` (`ID`, `PublisherName`) VALUES (6, 'Lenizdat  ');
INSERT INTO `online_bookstore_db`.`Publishers` (`ID`, `PublisherName`) VALUES (7, 'Bimpa ');
INSERT INTO `online_bookstore_db`.`Publishers` (`ID`, `PublisherName`) VALUES (8, 'Children\'s literature');
INSERT INTO `online_bookstore_db`.`Publishers` (`ID`, `PublisherName`) VALUES (9, 'RIO ');
INSERT INTO `online_bookstore_db`.`Publishers` (`ID`, `PublisherName`) VALUES (10, 'Profisdat ');
INSERT INTO `online_bookstore_db`.`Publishers` (`ID`, `PublisherName`) VALUES (11, 'AST ');

COMMIT;


-- -----------------------------------------------------
-- Data for table `online_bookstore_db`.`Series`
-- -----------------------------------------------------
START TRANSACTION;
USE `online_bookstore_db`;
INSERT INTO `online_bookstore_db`.`Series` (`ID`, `SeriesName`) VALUES (0, 'Out of series');
INSERT INTO `online_bookstore_db`.`Series` (`ID`, `SeriesName`) VALUES (1, 'ABC-classic');
INSERT INTO `online_bookstore_db`.`Series` (`ID`, `SeriesName`) VALUES (2, 'Foreign classic');
INSERT INTO `online_bookstore_db`.`Series` (`ID`, `SeriesName`) VALUES (3, 'Literary monuments');
INSERT INTO `online_bookstore_db`.`Series` (`ID`, `SeriesName`) VALUES (4, 'Adventure Library');
INSERT INTO `online_bookstore_db`.`Series` (`ID`, `SeriesName`) VALUES (5, 'Founding Fathers: Russian space');
INSERT INTO `online_bookstore_db`.`Series` (`ID`, `SeriesName`) VALUES (6, 'All Christie ');
INSERT INTO `online_bookstore_db`.`Series` (`ID`, `SeriesName`) VALUES (7, 'All Hercule Poirot');
INSERT INTO `online_bookstore_db`.`Series` (`ID`, `SeriesName`) VALUES (8, 'Complete collection in one volume');
INSERT INTO `online_bookstore_db`.`Series` (`ID`, `SeriesName`) VALUES (9, 'Pocket Book');
INSERT INTO `online_bookstore_db`.`Series` (`ID`, `SeriesName`) VALUES (10, 'Poetry of the 20th century');

COMMIT;


-- -----------------------------------------------------
-- Data for table `online_bookstore_db`.`Books`
-- -----------------------------------------------------
START TRANSACTION;
USE `online_bookstore_db`;
INSERT INTO `online_bookstore_db`.`Books` (`ID`, `BookName`, `BookPublishingYear`, `BookCost`, `Authors_ID`, `Genres_ID`, `Publishers_ID`, `Series_ID`) VALUES (0, 'Eugene Onegin', '2003', 197.0, 1, 3, 1, 2);
INSERT INTO `online_bookstore_db`.`Books` (`ID`, `BookName`, `BookPublishingYear`, `BookCost`, `Authors_ID`, `Genres_ID`, `Publishers_ID`, `Series_ID`) VALUES (1, 'Three Musketeers', '2010', 720.0, 0, 3, 0, 1);
INSERT INTO `online_bookstore_db`.`Books` (`ID`, `BookName`, `BookPublishingYear`, `BookCost`, `Authors_ID`, `Genres_ID`, `Publishers_ID`, `Series_ID`) VALUES (2, 'Bronze Horseman', '1978', 463.0, 1, 8, 2, 3);
INSERT INTO `online_bookstore_db`.`Books` (`ID`, `BookName`, `BookPublishingYear`, `BookCost`, `Authors_ID`, `Genres_ID`, `Publishers_ID`, `Series_ID`) VALUES (3, 'Earthquake in Lygon the other day', '2002', 64.0, 2, 0, 3, 4);
INSERT INTO `online_bookstore_db`.`Books` (`ID`, `BookName`, `BookPublishingYear`, `BookCost`, `Authors_ID`, `Genres_ID`, `Publishers_ID`, `Series_ID`) VALUES (4, 'Witch Dungeon', '2006', 479.0, 2, 0, 4, 5);
INSERT INTO `online_bookstore_db`.`Books` (`ID`, `BookName`, `BookPublishingYear`, `BookCost`, `Authors_ID`, `Genres_ID`, `Publishers_ID`, `Series_ID`) VALUES (5, 'Mysterious Enemy', '2009', 211.0, 3, 1, 4, 0);
INSERT INTO `online_bookstore_db`.`Books` (`ID`, `BookName`, `BookPublishingYear`, `BookCost`, `Authors_ID`, `Genres_ID`, `Publishers_ID`, `Series_ID`) VALUES (6, 'Poirot is investigating', '2009', 110.0, 3, 1, 5, 7);
INSERT INTO `online_bookstore_db`.`Books` (`ID`, `BookName`, `BookPublishingYear`, `BookCost`, `Authors_ID`, `Genres_ID`, `Publishers_ID`, `Series_ID`) VALUES (7, 'The Complete Works of Sherlock Holmes in One Volume', '2009', 739.0, 4, 1, 6, 8);
INSERT INTO `online_bookstore_db`.`Books` (`ID`, `BookName`, `BookPublishingYear`, `BookCost`, `Authors_ID`, `Genres_ID`, `Publishers_ID`, `Series_ID`) VALUES (8, 'The Children of Captain Grant', '1985', 265.0, 5, 1, 0, 0);
INSERT INTO `online_bookstore_db`.`Books` (`ID`, `BookName`, `BookPublishingYear`, `BookCost`, `Authors_ID`, `Genres_ID`, `Publishers_ID`, `Series_ID`) VALUES (9, '20 thousand leagues under the sea', '1992', 223.0, 5, 2, 7, 0);
INSERT INTO `online_bookstore_db`.`Books` (`ID`, `BookName`, `BookPublishingYear`, `BookCost`, `Authors_ID`, `Genres_ID`, `Publishers_ID`, `Series_ID`) VALUES (10, 'Mysterious Island', '2002', 247.0, 5, 2, 8, 0);
INSERT INTO `online_bookstore_db`.`Books` (`ID`, `BookName`, `BookPublishingYear`, `BookCost`, `Authors_ID`, `Genres_ID`, `Publishers_ID`, `Series_ID`) VALUES (11, 'Captain at fifteen', '1993', 381.0, 5, 2, 9, 0);
INSERT INTO `online_bookstore_db`.`Books` (`ID`, `BookName`, `BookPublishingYear`, `BookCost`, `Authors_ID`, `Genres_ID`, `Publishers_ID`, `Series_ID`) VALUES (12, 'Anna Karenina', '2010', 241.0, 6, 2, 4, 0);
INSERT INTO `online_bookstore_db`.`Books` (`ID`, `BookName`, `BookPublishingYear`, `BookCost`, `Authors_ID`, `Genres_ID`, `Publishers_ID`, `Series_ID`) VALUES (13, 'Blizzard', '1986', 130.0, 6, 3, 9, 0);
INSERT INTO `online_bookstore_db`.`Books` (`ID`, `BookName`, `BookPublishingYear`, `BookCost`, `Authors_ID`, `Genres_ID`, `Publishers_ID`, `Series_ID`) VALUES (14, 'Anna Akhmatova. Poems', '1977', 152.0, 7, 4, 7, 0);
INSERT INTO `online_bookstore_db`.`Books` (`ID`, `BookName`, `BookPublishingYear`, `BookCost`, `Authors_ID`, `Genres_ID`, `Publishers_ID`, `Series_ID`) VALUES (15, 'Poems and poems ', '2009', 250.0, 8, 5, 11, 10);
INSERT INTO `online_bookstore_db`.`Books` (`ID`, `BookName`, `BookPublishingYear`, `BookCost`, `Authors_ID`, `Genres_ID`, `Publishers_ID`, `Series_ID`) VALUES (16, 'How to stop worrying and start living', '1998', 254.0, 9, 7, 4, 0);
INSERT INTO `online_bookstore_db`.`Books` (`ID`, `BookName`, `BookPublishingYear`, `BookCost`, `Authors_ID`, `Genres_ID`, `Publishers_ID`, `Series_ID`) VALUES (17, 'How The Golden Key, or the Adventures of Pinocchio', '2007', 245.0, 10, 6, 11, 0);
INSERT INTO `online_bookstore_db`.`Books` (`ID`, `BookName`, `BookPublishingYear`, `BookCost`, `Authors_ID`, `Genres_ID`, `Publishers_ID`, `Series_ID`) VALUES (18, 'Ten Nepritat ', '2009', 126.0, 3, 1, 4, 6);

COMMIT;


-- -----------------------------------------------------
-- Data for table `online_bookstore_db`.`OrderInformation`
-- -----------------------------------------------------
START TRANSACTION;
USE `online_bookstore_db`;
INSERT INTO `online_bookstore_db`.`OrderInformation` (`ID`, `Orders_ID`, `Books_ID`, `BooksCount`) VALUES (0, 0, 1, '20');
INSERT INTO `online_bookstore_db`.`OrderInformation` (`ID`, `Orders_ID`, `Books_ID`, `BooksCount`) VALUES (1, 0, 0, '30');
INSERT INTO `online_bookstore_db`.`OrderInformation` (`ID`, `Orders_ID`, `Books_ID`, `BooksCount`) VALUES (2, 1, 2, '20');
INSERT INTO `online_bookstore_db`.`OrderInformation` (`ID`, `Orders_ID`, `Books_ID`, `BooksCount`) VALUES (3, 1, 3, '20');
INSERT INTO `online_bookstore_db`.`OrderInformation` (`ID`, `Orders_ID`, `Books_ID`, `BooksCount`) VALUES (4, 2, 4, '40');
INSERT INTO `online_bookstore_db`.`OrderInformation` (`ID`, `Orders_ID`, `Books_ID`, `BooksCount`) VALUES (5, 2, 5, '30');
INSERT INTO `online_bookstore_db`.`OrderInformation` (`ID`, `Orders_ID`, `Books_ID`, `BooksCount`) VALUES (6, 3, 1, '20');
INSERT INTO `online_bookstore_db`.`OrderInformation` (`ID`, `Orders_ID`, `Books_ID`, `BooksCount`) VALUES (7, 3, 0, '20');
INSERT INTO `online_bookstore_db`.`OrderInformation` (`ID`, `Orders_ID`, `Books_ID`, `BooksCount`) VALUES (8, 3, 18, '20');
INSERT INTO `online_bookstore_db`.`OrderInformation` (`ID`, `Orders_ID`, `Books_ID`, `BooksCount`) VALUES (9, 4, 6, '20');
INSERT INTO `online_bookstore_db`.`OrderInformation` (`ID`, `Orders_ID`, `Books_ID`, `BooksCount`) VALUES (10, 4, 7, '25');
INSERT INTO `online_bookstore_db`.`OrderInformation` (`ID`, `Orders_ID`, `Books_ID`, `BooksCount`) VALUES (11, 5, 8, '35');
INSERT INTO `online_bookstore_db`.`OrderInformation` (`ID`, `Orders_ID`, `Books_ID`, `BooksCount`) VALUES (12, 5, 9, '35');
INSERT INTO `online_bookstore_db`.`OrderInformation` (`ID`, `Orders_ID`, `Books_ID`, `BooksCount`) VALUES (13, 6, 10, '23');
INSERT INTO `online_bookstore_db`.`OrderInformation` (`ID`, `Orders_ID`, `Books_ID`, `BooksCount`) VALUES (14, 6, 11, '22');
INSERT INTO `online_bookstore_db`.`OrderInformation` (`ID`, `Orders_ID`, `Books_ID`, `BooksCount`) VALUES (15, 7, 12, '20');
INSERT INTO `online_bookstore_db`.`OrderInformation` (`ID`, `Orders_ID`, `Books_ID`, `BooksCount`) VALUES (16, 7, 13, '29');
INSERT INTO `online_bookstore_db`.`OrderInformation` (`ID`, `Orders_ID`, `Books_ID`, `BooksCount`) VALUES (17, 7, 14, '35');
INSERT INTO `online_bookstore_db`.`OrderInformation` (`ID`, `Orders_ID`, `Books_ID`, `BooksCount`) VALUES (18, 8, 15, '60');
INSERT INTO `online_bookstore_db`.`OrderInformation` (`ID`, `Orders_ID`, `Books_ID`, `BooksCount`) VALUES (19, 8, 16, '34');
INSERT INTO `online_bookstore_db`.`OrderInformation` (`ID`, `Orders_ID`, `Books_ID`, `BooksCount`) VALUES (20, 8, 17, '35');

COMMIT;

